LGA_CODE_2021,LGA_NAME21,indigenous_status,percentage
LGA10050,ALBURY,Total Aboriginal and or Torres Strait Islander ,0.03821975463419002
LGA10180,ARMIDALE REGIONAL,Total Aboriginal and or Torres Strait Islander ,0.07550949913644214
LGA10250,BALLINA,Total Aboriginal and or Torres Strait Islander ,0.03965871044389243
LGA10300,BALRANALD,Total Aboriginal and or Torres Strait Islander ,0.05966898954703833
LGA10470,BATHURST REGIONAL,Total Aboriginal and or Torres Strait Islander ,0.07378925203698618
LGA10500,BAYSIDE (NSW),Total Aboriginal and or Torres Strait Islander ,0.011175482499742895
LGA10550,BEGA VALLEY,Total Aboriginal and or Torres Strait Islander ,0.03861642853202405
LGA10600,BELLINGEN,Total Aboriginal and or Torres Strait Islander ,0.042807329920617254
LGA10650,BERRIGAN,Total Aboriginal and or Torres Strait Islander ,0.031235266383781234
LGA10750,BLACKTOWN,Total Aboriginal and or Torres Strait Islander ,0.02985131115153748
LGA10800,BLAND,Total Aboriginal and or Torres Strait Islander ,0.06493506493506493
LGA10850,BLAYNEY,Total Aboriginal and or Torres Strait Islander ,0.056707974137931036
LGA10900,BLUE MOUNTAINS,Total Aboriginal and or Torres Strait Islander ,0.027004825957490503
LGA10950,BOGAN,Total Aboriginal and or Torres Strait Islander ,0.16809006211180125
LGA11150,BOURKE,Total Aboriginal and or Torres Strait Islander ,0.28554313099041534
LGA11200,BREWARRINA,Total Aboriginal and or Torres Strait Islander ,0.48735955056179775
LGA11250,BROKEN HILL,Total Aboriginal and or Torres Strait Islander ,0.09773251561357114
LGA11300,BURWOOD,Total Aboriginal and or Torres Strait Islander ,0.004114405406079345
LGA11350,BYRON,Total Aboriginal and or Torres Strait Islander ,0.018810663021189337
LGA11400,CABONNE,Total Aboriginal and or Torres Strait Islander ,0.047841306884480746
LGA11450,CAMDEN,Total Aboriginal and or Torres Strait Islander ,0.03260101604817818
LGA11500,CAMPBELLTOWN (NSW),Total Aboriginal and or Torres Strait Islander ,0.04079349394032326
LGA11520,CANADA BAY,Total Aboriginal and or Torres Strait Islander ,0.005544145539431894
LGA11570,CANTERBURY-BANKSTOWN,Total Aboriginal and or Torres Strait Islander ,0.0075006638954676266
LGA11600,CARRATHOOL,Total Aboriginal and or Torres Strait Islander ,0.08294470353097935
LGA11650,CENTRAL COAST (NSW),Total Aboriginal and or Torres Strait Islander ,0.049292413948685915
LGA11700,CENTRAL DARLING,Total Aboriginal and or Torres Strait Islander ,0.32729103726082576
LGA11720,CESSNOCK,Total Aboriginal and or Torres Strait Islander ,0.1020659008178509
LGA11730,CLARENCE VALLEY,Total Aboriginal and or Torres Strait Islander ,0.08028917944422187
LGA11750,COBAR,Total Aboriginal and or Torres Strait Islander ,0.13225952813067152
LGA11800,COFFS HARBOUR,Total Aboriginal and or Torres Strait Islander ,0.05792495257716418
LGA12000,COOLAMON,Total Aboriginal and or Torres Strait Islander ,0.05614849187935035
LGA12150,COONAMBLE,Total Aboriginal and or Torres Strait Islander ,0.33134560539279234
LGA12160,COOTAMUNDRA-GUNDAGAI REGIONAL,Total Aboriginal and or Torres Strait Islander ,0.06350735809390329
LGA12350,COWRA,Total Aboriginal and or Torres Strait Islander ,0.09034730913642053
LGA12380,CUMBERLAND,Total Aboriginal and or Torres Strait Islander ,0.006335342862620625
LGA12390,DUBBO REGIONAL,Total Aboriginal and or Torres Strait Islander ,0.16356836632308674
LGA12700,DUNGOG,Total Aboriginal and or Torres Strait Islander ,0.0711747491638796
LGA12730,EDWARD RIVER,Total Aboriginal and or Torres Strait Islander ,0.048073482046999884
LGA12750,EUROBODALLA,Total Aboriginal and or Torres Strait Islander ,0.06066194312336213
LGA12850,FAIRFIELD,Total Aboriginal and or Torres Strait Islander ,0.007356875979269616
LGA12870,FEDERATION,Total Aboriginal and or Torres Strait Islander ,0.023503255518500875
LGA12900,FORBES,Total Aboriginal and or Torres Strait Islander ,0.13655595515125873
LGA12930,GEORGES RIVER,Total Aboriginal and or Torres Strait Islander ,0.006805810608902843
LGA12950,GILGANDRA,Total Aboriginal and or Torres Strait Islander ,0.13910640257945647
LGA13010,GLEN INNES SEVERN,Total Aboriginal and or Torres Strait Islander ,0.07665505226480836
LGA13310,GOULBURN MULWAREE,Total Aboriginal and or Torres Strait Islander ,0.050412663217541266
LGA13340,GREATER HUME SHIRE,Total Aboriginal and or Torres Strait Islander ,0.035095674254103565
LGA13450,GRIFFITH,Total Aboriginal and or Torres Strait Islander ,0.05320395459538631
LGA13550,GUNNEDAH,Total Aboriginal and or Torres Strait Islander ,0.15467791411042944
LGA13660,GWYDIR,Total Aboriginal and or Torres Strait Islander ,0.06891673403395311
LGA13800,HAWKESBURY,Total Aboriginal and or Torres Strait Islander ,0.04836063128374952
LGA13850,HAY,Total Aboriginal and or Torres Strait Islander ,0.0832182320441989
LGA13910,HILLTOPS,Total Aboriginal and or Torres Strait Islander ,0.05171696149843913
LGA14000,HORNSBY,Total Aboriginal and or Torres Strait Islander ,0.00567398451585534
LGA14100,HUNTERS HILL,Total Aboriginal and or Torres Strait Islander ,0.004295726882206647
LGA14170,INNER WEST,Total Aboriginal and or Torres Strait Islander ,0.011847920229185635
LGA14220,INVERELL,Total Aboriginal and or Torres Strait Islander ,0.11064566577301162
LGA14300,JUNEE,Total Aboriginal and or Torres Strait Islander ,0.09750812567713976
LGA14350,KEMPSEY,Total Aboriginal and or Torres Strait Islander ,0.12824529991047448
LGA14400,KIAMA,Total Aboriginal and or Torres Strait Islander ,0.023505298504208277
LGA14500,KU-RING-GAI,Total Aboriginal and or Torres Strait Islander ,0.0023458744267218635
LGA14550,KYOGLE,Total Aboriginal and or Torres Strait Islander ,0.05726167626359565
LGA14600,LACHLAN,Total Aboriginal and or Torres Strait Islander ,0.18141592920353983
LGA14650,LAKE MACQUARIE,Total Aboriginal and or Torres Strait Islander ,0.05543256130790191
LGA14700,LANE COVE,Total Aboriginal and or Torres Strait Islander ,0.0039098672702952975
LGA14750,LEETON,Total Aboriginal and or Torres Strait Islander ,0.07138472331842498
LGA14850,LISMORE,Total Aboriginal and or Torres Strait Islander ,0.05918020315926075
LGA14870,LITHGOW,Total Aboriginal and or Torres Strait Islander ,0.07816982214572576
LGA14900,LIVERPOOL,Total Aboriginal and or Torres Strait Islander ,0.016656110378828082
LGA14920,LIVERPOOL PLAINS,Total Aboriginal and or Torres Strait Islander ,0.14862191744692074
LGA14950,LOCKHART,Total Aboriginal and or Torres Strait Islander ,0.05015290519877676
LGA15050,MAITLAND,Total Aboriginal and or Torres Strait Islander ,0.07542562798943038
LGA15240,MID-COAST,Total Aboriginal and or Torres Strait Islander ,0.07232688260356245
LGA15270,MID-WESTERN REGIONAL,Total Aboriginal and or Torres Strait Islander ,0.06744203899892523
LGA15300,MOREE PLAINS,Total Aboriginal and or Torres Strait Islander ,0.1911144578313253
LGA15350,MOSMAN,Total Aboriginal and or Torres Strait Islander ,0.002753922527810994
LGA15520,MURRAY RIVER,Total Aboriginal and or Torres Strait Islander ,0.03849511866021113
LGA15560,MURRUMBIDGEE,Total Aboriginal and or Torres Strait Islander ,0.08587843967342002
LGA15650,MUSWELLBROOK,Total Aboriginal and or Torres Strait Islander ,0.11504798696203296
LGA15700,NAMBUCCA VALLEY,Total Aboriginal and or Torres Strait Islander ,0.0789613142554319
LGA15750,NARRABRI,Total Aboriginal and or Torres Strait Islander ,0.1449782989415975
LGA15800,NARRANDERA,Total Aboriginal and or Torres Strait Islander ,0.12735932263185748
LGA15850,NARROMINE,Total Aboriginal and or Torres Strait Islander ,0.20326621214523546
LGA15900,NEWCASTLE,Total Aboriginal and or Torres Strait Islander ,0.044116506707546216
LGA15950,NORTH SYDNEY,Total Aboriginal and or Torres Strait Islander ,0.004100605468460867
LGA15990,NORTHERN BEACHES,Total Aboriginal and or Torres Strait Islander ,0.0065459038220250865
LGA16100,OBERON,Total Aboriginal and or Torres Strait Islander ,0.04563210227272727
LGA16150,ORANGE,Total Aboriginal and or Torres Strait Islander ,0.07698430748237435
LGA16200,PARKES,Total Aboriginal and or Torres Strait Islander ,0.1297609118710036
LGA16260,PARRAMATTA,Total Aboriginal and or Torres Strait Islander ,0.008279228361903873
LGA16350,PENRITH,Total Aboriginal and or Torres Strait Islander ,0.050295667528072324
LGA16380,PORT MACQUARIE-HASTINGS,Total Aboriginal and or Torres Strait Islander ,0.05435616689381879
LGA16400,PORT STEPHENS,Total Aboriginal and or Torres Strait Islander ,0.06578735292537474
LGA16490,QUEANBEYAN-PALERANG REGIONAL,Total Aboriginal and or Torres Strait Islander ,0.03484735429995713
LGA16550,RANDWICK,Total Aboriginal and or Torres Strait Islander ,0.017700113587639257
LGA16610,RICHMOND VALLEY,Total Aboriginal and or Torres Strait Islander ,0.07889761794731756
LGA16700,RYDE,Total Aboriginal and or Torres Strait Islander ,0.004853125024265625
LGA16900,SHELLHARBOUR,Total Aboriginal and or Torres Strait Islander ,0.04975681767256719
LGA16950,SHOALHAVEN,Total Aboriginal and or Torres Strait Islander ,0.06543007252688812
LGA17000,SINGLETON,Total Aboriginal and or Torres Strait Islander ,0.0830821174484505
LGA17040,SNOWY MONARO REGIONAL,Total Aboriginal and or Torres Strait Islander ,0.02772798770896587
LGA17080,SNOWY VALLEYS,Total Aboriginal and or Torres Strait Islander ,0.0633496283399183
LGA17100,STRATHFIELD,Total Aboriginal and or Torres Strait Islander ,0.004474125011020012
LGA17150,SUTHERLAND SHIRE,Total Aboriginal and or Torres Strait Islander ,0.014283961652382705
LGA17200,SYDNEY,Total Aboriginal and or Torres Strait Islander ,0.014581766524609342
LGA17310,TAMWORTH REGIONAL,Total Aboriginal and or Torres Strait Islander ,0.1268241121996624
LGA17350,TEMORA,Total Aboriginal and or Torres Strait Islander ,0.0340531561461794
LGA17400,TENTERFIELD,Total Aboriginal and or Torres Strait Islander ,0.07310443490701002
LGA17420,THE HILLS SHIRE,Total Aboriginal and or Torres Strait Islander ,0.006261750574472529
LGA17550,TWEED,Total Aboriginal and or Torres Strait Islander ,0.044747676504157834
LGA17620,UPPER HUNTER SHIRE,Total Aboriginal and or Torres Strait Islander ,0.06890078564972538
LGA17640,UPPER LACHLAN SHIRE,Total Aboriginal and or Torres Strait Islander ,0.03172751662195264
LGA17650,URALLA,Total Aboriginal and or Torres Strait Islander ,0.09516590870810174
LGA17750,WAGGA WAGGA,Total Aboriginal and or Torres Strait Islander ,0.06659577877150306
LGA17850,WALCHA,Total Aboriginal and or Torres Strait Islander ,0.06375166889185581
LGA17900,WALGETT,Total Aboriginal and or Torres Strait Islander ,0.19423315053953652
LGA17950,WARREN,Total Aboriginal and or Torres Strait Islander ,0.14738449789996183
LGA18020,WARRUMBUNGLE SHIRE,Total Aboriginal and or Torres Strait Islander ,0.10443004355678318
LGA18050,WAVERLEY,Total Aboriginal and or Torres Strait Islander ,0.004021867040054816
LGA18100,WEDDIN,Total Aboriginal and or Torres Strait Islander ,0.04667609618104668
LGA18200,WENTWORTH,Total Aboriginal and or Torres Strait Islander ,0.08111632759520084
LGA18250,WILLOUGHBY,Total Aboriginal and or Torres Strait Islander ,0.002766944239485612
LGA18350,WINGECARRIBEE,Total Aboriginal and or Torres Strait Islander ,0.022792344786015672
LGA18400,WOLLONDILLY,Total Aboriginal and or Torres Strait Islander ,0.043903985676184795
LGA18450,WOLLONGONG,Total Aboriginal and or Torres Strait Islander ,0.03277743945285052
LGA18500,WOOLLAHRA,Total Aboriginal and or Torres Strait Islander ,0.0032823602100710537
LGA18710,YASS VALLEY,Total Aboriginal and or Torres Strait Islander ,0.03183682902871671
LGA19399,UNINCORPORATED NSW,Total Aboriginal and or Torres Strait Islander ,0.03262642740619902
LGA19799,MIGRATORY - OFFSHORE - SHIPPING (NSW),Total Aboriginal and or Torres Strait Islander ,0.11764705882352941
LGA10050,ALBURY,Total Non Indigenous ,0.911722038148115
LGA10180,ARMIDALE REGIONAL,Total Non Indigenous ,0.8231088082901554
LGA10250,BALLINA,Total Non Indigenous ,0.9129063613781185
LGA10300,BALRANALD,Total Non Indigenous ,0.8053135888501742
LGA10470,BATHURST REGIONAL,Total Non Indigenous ,0.8801153529250206
LGA10500,BAYSIDE (NSW),Total Non Indigenous ,0.9389176465210883
LGA10550,BEGA VALLEY,Total Non Indigenous ,0.8957080598002979
LGA10600,BELLINGEN,Total Non Indigenous ,0.8893834854217672
LGA10650,BERRIGAN,Total Non Indigenous ,0.8803630363036303
LGA10750,BLACKTOWN,Total Non Indigenous ,0.921282968024202
LGA10800,BLAND,Total Non Indigenous ,0.8398268398268398
LGA10850,BLAYNEY,Total Non Indigenous ,0.8795797413793104
LGA10900,BLUE MOUNTAINS,Total Non Indigenous ,0.943898244172913
LGA10950,BOGAN,Total Non Indigenous ,0.7558229813664596
LGA11150,BOURKE,Total Non Indigenous ,0.5742811501597445
LGA11200,BREWARRINA,Total Non Indigenous ,0.35252808988764045
LGA11250,BROKEN HILL,Total Non Indigenous ,0.823665109998312
LGA11300,BURWOOD,Total Non Indigenous ,0.9497543824651522
LGA11350,BYRON,Total Non Indigenous ,0.8881203007518798
LGA11400,CABONNE,Total Non Indigenous ,0.8864498249708285
LGA11450,CAMDEN,Total Non Indigenous ,0.9411903239915217
LGA11500,CAMPBELLTOWN (NSW),Total Non Indigenous ,0.9108426755716087
LGA11520,CANADA BAY,Total Non Indigenous ,0.9531104452150881
LGA11570,CANTERBURY-BANKSTOWN,Total Non Indigenous ,0.9354422627725358
LGA11600,CARRATHOOL,Total Non Indigenous ,0.8067954696868754
LGA11650,CENTRAL COAST (NSW),Total Non Indigenous ,0.9077636347334658
LGA11700,CENTRAL DARLING,Total Non Indigenous ,0.4692849949647533
LGA11720,CESSNOCK,Total Non Indigenous ,0.8559857545816985
LGA11730,CLARENCE VALLEY,Total Non Indigenous ,0.8599264304184725
LGA11750,COBAR,Total Non Indigenous ,0.7034936479128857
LGA11800,COFFS HARBOUR,Total Non Indigenous ,0.8860470082785825
LGA12000,COOLAMON,Total Non Indigenous ,0.8897911832946636
LGA12150,COONAMBLE,Total Non Indigenous ,0.52994555353902
LGA12160,COOTAMUNDRA-GUNDAGAI REGIONAL,Total Non Indigenous ,0.86343728100911
LGA12350,COWRA,Total Non Indigenous ,0.8345588235294118
LGA12380,CUMBERLAND,Total Non Indigenous ,0.9286368574654368
LGA12390,DUBBO REGIONAL,Total Non Indigenous ,0.7556873118671896
LGA12700,DUNGOG,Total Non Indigenous ,0.8862876254180602
LGA12730,EDWARD RIVER,Total Non Indigenous ,0.8615054276511989
LGA12750,EUROBODALLA,Total Non Indigenous ,0.8691157915170339
LGA12850,FAIRFIELD,Total Non Indigenous ,0.9437820899120164
LGA12870,FEDERATION,Total Non Indigenous ,0.9084484675242179
LGA12900,FORBES,Total Non Indigenous ,0.7879204569494394
LGA12930,GEORGES RIVER,Total Non Indigenous ,0.9591585543247174
LGA12950,GILGANDRA,Total Non Indigenous ,0.7381391064025794
LGA13010,GLEN INNES SEVERN,Total Non Indigenous ,0.832190626053726
LGA13310,GOULBURN MULWAREE,Total Non Indigenous ,0.8915681202266568
LGA13340,GREATER HUME SHIRE,Total Non Indigenous ,0.8866418790242133
LGA13450,GRIFFITH,Total Non Indigenous ,0.8741852801171732
LGA13550,GUNNEDAH,Total Non Indigenous ,0.7608895705521472
LGA13660,GWYDIR,Total Non Indigenous ,0.8451899757477769
LGA13800,HAWKESBURY,Total Non Indigenous ,0.9114532056445598
LGA13850,HAY,Total Non Indigenous ,0.806975138121547
LGA13910,HILLTOPS,Total Non Indigenous ,0.8785639958376691
LGA14000,HORNSBY,Total Non Indigenous ,0.9748250079541839
LGA14100,HUNTERS HILL,Total Non Indigenous ,0.9636747305750245
LGA14170,INNER WEST,Total Non Indigenous ,0.9516200670678896
LGA14220,INVERELL,Total Non Indigenous ,0.8016644325290437
LGA14300,JUNEE,Total Non Indigenous ,0.8523448382603313
LGA14350,KEMPSEY,Total Non Indigenous ,0.8017009847806625
LGA14400,KIAMA,Total Non Indigenous ,0.9432209672495748
LGA14500,KU-RING-GAI,Total Non Indigenous ,0.9791387637485287
LGA14550,KYOGLE,Total Non Indigenous ,0.8544465770953295
LGA14600,LACHLAN,Total Non Indigenous ,0.7074729596853491
LGA14650,LAKE MACQUARIE,Total Non Indigenous ,0.9134688162276718
LGA14700,LANE COVE,Total Non Indigenous ,0.9669719106904002
LGA14750,LEETON,Total Non Indigenous ,0.8490748048759098
LGA14850,LISMORE,Total Non Indigenous ,0.8646126996912338
LGA14870,LITHGOW,Total Non Indigenous ,0.8592465098489195
LGA14900,LIVERPOOL,Total Non Indigenous ,0.9303541777222384
LGA14920,LIVERPOOL PLAINS,Total Non Indigenous ,0.7435052090201767
LGA14950,LOCKHART,Total Non Indigenous ,0.8749235474006116
LGA15050,MAITLAND,Total Non Indigenous ,0.8918843585198069
LGA15240,MID-COAST,Total Non Indigenous ,0.8659925055181972
LGA15270,MID-WESTERN REGIONAL,Total Non Indigenous ,0.8576308920620298
LGA15300,MOREE PLAINS,Total Non Indigenous ,0.600828313253012
LGA15350,MOSMAN,Total Non Indigenous ,0.971228756748922
LGA15520,MURRAY RIVER,Total Non Indigenous ,0.8904674974204302
LGA15560,MURRUMBIDGEE,Total Non Indigenous ,0.8218929543392803
LGA15650,MUSWELLBROOK,Total Non Indigenous ,0.8250739421742017
LGA15700,NAMBUCCA VALLEY,Total Non Indigenous ,0.8460760225466107
LGA15750,NARRABRI,Total Non Indigenous ,0.7495621716287215
LGA15800,NARRANDERA,Total Non Indigenous ,0.7863820779678956
LGA15850,NARROMINE,Total Non Indigenous ,0.6660853020453464
LGA15900,NEWCASTLE,Total Non Indigenous ,0.9140754084475118
LGA15950,NORTH SYDNEY,Total Non Indigenous ,0.9589643380556913
LGA15990,NORTHERN BEACHES,Total Non Indigenous ,0.9665951707652107
LGA16100,OBERON,Total Non Indigenous ,0.8444602272727273
LGA16150,ORANGE,Total Non Indigenous ,0.8717079827154879
LGA16200,PARKES,Total Non Indigenous ,0.8021962746733389
LGA16260,PARRAMATTA,Total Non Indigenous ,0.9496239899107852
LGA16350,PENRITH,Total Non Indigenous ,0.8991879489042368
LGA16380,PORT MACQUARIE-HASTINGS,Total Non Indigenous ,0.9027292613929198
LGA16400,PORT STEPHENS,Total Non Indigenous ,0.8928840058023961
LGA16490,QUEANBEYAN-PALERANG REGIONAL,Total Non Indigenous ,0.9192239914905778
LGA16550,RANDWICK,Total Non Indigenous ,0.9378728269781926
LGA16610,RICHMOND VALLEY,Total Non Indigenous ,0.8324160820064698
LGA16700,RYDE,Total Non Indigenous ,0.9637762748188814
LGA16900,SHELLHARBOUR,Total Non Indigenous ,0.91066179862658
LGA16950,SHOALHAVEN,Total Non Indigenous ,0.8805094303292592
LGA17000,SINGLETON,Total Non Indigenous ,0.8585152136339885
LGA17040,SNOWY MONARO REGIONAL,Total Non Indigenous ,0.8842960090719537
LGA17080,SNOWY VALLEYS,Total Non Indigenous ,0.8647291234179334
LGA17100,STRATHFIELD,Total Non Indigenous ,0.9526580269769902
LGA17150,SUTHERLAND SHIRE,Total Non Indigenous ,0.9611485006221848
LGA17200,SYDNEY,Total Non Indigenous ,0.907439904180942
LGA17310,TAMWORTH REGIONAL,Total Non Indigenous ,0.805449066843359
LGA17350,TEMORA,Total Non Indigenous ,0.9176079734219269
LGA17400,TENTERFIELD,Total Non Indigenous ,0.8320457796852647
LGA17420,THE HILLS SHIRE,Total Non Indigenous ,0.9744255274702319
LGA17550,TWEED,Total Non Indigenous ,0.8960948964617642
LGA17620,UPPER HUNTER SHIRE,Total Non Indigenous ,0.8761037335743587
LGA17640,UPPER LACHLAN SHIRE,Total Non Indigenous ,0.8917531785839263
LGA17650,URALLA,Total Non Indigenous ,0.8396496547077649
LGA17750,WAGGA WAGGA,Total Non Indigenous ,0.8824523327458378
LGA17850,WALCHA,Total Non Indigenous ,0.8457943925233645
LGA17900,WALGETT,Total Non Indigenous ,0.5531576154254378
LGA17950,WARREN,Total Non Indigenous ,0.7407407407407407
LGA18020,WARRUMBUNGLE SHIRE,Total Non Indigenous ,0.7556570700095613
LGA18050,WAVERLEY,Total Non Indigenous ,0.9483413522410737
LGA18100,WEDDIN,Total Non Indigenous ,0.8944837340876944
LGA18200,WENTWORTH,Total Non Indigenous ,0.7969483568075117
LGA18250,WILLOUGHBY,Total Non Indigenous ,0.9681142616211658
LGA18350,WINGECARRIBEE,Total Non Indigenous ,0.9317924954792043
LGA18400,WOLLONDILLY,Total Non Indigenous ,0.9196336982673405
LGA18450,WOLLONGONG,Total Non Indigenous ,0.9311940787932731
LGA18500,WOOLLAHRA,Total Non Indigenous ,0.9585843373493976
LGA18710,YASS VALLEY,Total Non Indigenous ,0.9145432483966025
LGA19399,UNINCORPORATED NSW,Total Non Indigenous ,0.8768352365415987
LGA19799,MIGRATORY - OFFSHORE - SHIPPING (NSW),Total Non Indigenous ,0.8823529411764706
LGA10050,ALBURY,Total Indigenous status not stated ,0.050058207217694994
LGA10180,ARMIDALE REGIONAL,Total Indigenous status not stated ,0.10138169257340242
LGA10250,BALLINA,Total Indigenous status not stated ,0.047434928177988986
LGA10300,BALRANALD,Total Indigenous status not stated ,0.13501742160278746
LGA10470,BATHURST REGIONAL,Total Indigenous status not stated ,0.046095395037993224
LGA10500,BAYSIDE (NSW),Total Indigenous status not stated ,0.04990687097916881
LGA10550,BEGA VALLEY,Total Indigenous status not stated ,0.06567551166767804
LGA10600,BELLINGEN,Total Indigenous status not stated ,0.06780918465761555
LGA10650,BERRIGAN,Total Indigenous status not stated ,0.0884016973125884
LGA10750,BLACKTOWN,Total Indigenous status not stated ,0.04886572082426053
LGA10800,BLAND,Total Indigenous status not stated ,0.09523809523809523
LGA10850,BLAYNEY,Total Indigenous status not stated ,0.06371228448275862
LGA10900,BLUE MOUNTAINS,Total Indigenous status not stated ,0.02909692986959647
LGA10950,BOGAN,Total Indigenous status not stated ,0.07608695652173914
LGA11150,BOURKE,Total Indigenous status not stated ,0.14017571884984026
LGA11200,BREWARRINA,Total Indigenous status not stated ,0.1601123595505618
LGA11250,BROKEN HILL,Total Indigenous status not stated ,0.0786023743881168
LGA11300,BURWOOD,Total Indigenous status not stated ,0.046131212128768424
LGA11350,BYRON,Total Indigenous status not stated ,0.09306903622693097
LGA11400,CABONNE,Total Indigenous status not stated ,0.06570886814469078
LGA11450,CAMDEN,Total Indigenous status not stated ,0.026208659960300106
LGA11500,CAMPBELLTOWN (NSW),Total Indigenous status not stated ,0.04836383048806806
LGA11520,CANADA BAY,Total Indigenous status not stated ,0.04134540924547995
LGA11570,CANTERBURY-BANKSTOWN,Total Indigenous status not stated ,0.057057073331996506
LGA11600,CARRATHOOL,Total Indigenous status not stated ,0.11025982678214524
LGA11650,CENTRAL COAST (NSW),Total Indigenous status not stated ,0.04294395131784829
LGA11700,CENTRAL DARLING,Total Indigenous status not stated ,0.20342396777442096
LGA11720,CESSNOCK,Total Indigenous status not stated ,0.04194834460045069
LGA11730,CLARENCE VALLEY,Total Indigenous status not stated ,0.059784390137305604
LGA11750,COBAR,Total Indigenous status not stated ,0.16424682395644283
LGA11800,COFFS HARBOUR,Total Indigenous status not stated ,0.056028039144253354
LGA12000,COOLAMON,Total Indigenous status not stated ,0.05406032482598608
LGA12150,COONAMBLE,Total Indigenous status not stated ,0.1387088410681877
LGA12160,COOTAMUNDRA-GUNDAGAI REGIONAL,Total Indigenous status not stated ,0.07305536089698668
LGA12350,COWRA,Total Indigenous status not stated ,0.07509386733416772
LGA12380,CUMBERLAND,Total Indigenous status not stated ,0.06502779967194257
LGA12390,DUBBO REGIONAL,Total Indigenous status not stated ,0.08074432180972362
LGA12700,DUNGOG,Total Indigenous status not stated ,0.0425376254180602
LGA12730,EDWARD RIVER,Total Indigenous status not stated ,0.09042109030180126
LGA12750,EUROBODALLA,Total Indigenous status not stated ,0.070222265359604
LGA12850,FAIRFIELD,Total Indigenous status not stated ,0.048861034108713994
LGA12870,FEDERATION,Total Indigenous status not stated ,0.06804827695728125
LGA12900,FORBES,Total Indigenous status not stated ,0.07552358789930189
LGA12930,GEORGES RIVER,Total Indigenous status not stated ,0.03403563506637969
LGA12950,GILGANDRA,Total Indigenous status not stated ,0.12275449101796407
LGA13010,GLEN INNES SEVERN,Total Indigenous status not stated ,0.09115432168146566
LGA13310,GOULBURN MULWAREE,Total Indigenous status not stated ,0.058019216555801924
LGA13340,GREATER HUME SHIRE,Total Indigenous status not stated ,0.07826244672168314
LGA13450,GRIFFITH,Total Indigenous status not stated ,0.0726107652874405
LGA13550,GUNNEDAH,Total Indigenous status not stated ,0.08443251533742331
LGA13660,GWYDIR,Total Indigenous status not stated ,0.08589329021827001
LGA13800,HAWKESBURY,Total Indigenous status not stated ,0.040186163071690685
LGA13850,HAY,Total Indigenous status not stated ,0.10980662983425414
LGA13910,HILLTOPS,Total Indigenous status not stated ,0.06971904266389178
LGA14000,HORNSBY,Total Indigenous status not stated ,0.01950100752996076
LGA14100,HUNTERS HILL,Total Indigenous status not stated ,0.03202954254276886
LGA14170,INNER WEST,Total Indigenous status not stated ,0.036532012702924783
LGA14220,INVERELL,Total Indigenous status not stated ,0.08768990169794459
LGA14300,JUNEE,Total Indigenous status not stated ,0.05014703606252902
LGA14350,KEMPSEY,Total Indigenous status not stated ,0.07005371530886302
LGA14400,KIAMA,Total Indigenous status not stated ,0.033273734246216914
LGA14500,KU-RING-GAI,Total Indigenous status not stated ,0.01851536182474938
LGA14550,KYOGLE,Total Indigenous status not stated ,0.08829174664107485
LGA14600,LACHLAN,Total Indigenous status not stated ,0.1111111111111111
LGA14650,LAKE MACQUARIE,Total Indigenous status not stated ,0.031098622464426278
LGA14700,LANE COVE,Total Indigenous status not stated ,0.029118222039304455
LGA14750,LEETON,Total Indigenous status not stated ,0.07954047180566517
LGA14850,LISMORE,Total Indigenous status not stated ,0.07620709714950552
LGA14870,LITHGOW,Total Indigenous status not stated ,0.06258366800535475
LGA14900,LIVERPOOL,Total Indigenous status not stated ,0.05298971189893353
LGA14920,LIVERPOOL PLAINS,Total Indigenous status not stated ,0.10787287353290255
LGA14950,LOCKHART,Total Indigenous status not stated ,0.07492354740061162
LGA15050,MAITLAND,Total Indigenous status not stated ,0.03269001349076273
LGA15240,MID-COAST,Total Indigenous status not stated ,0.06168061187824034
LGA15270,MID-WESTERN REGIONAL,Total Indigenous status not stated ,0.07492706893904498
LGA15300,MOREE PLAINS,Total Indigenous status not stated ,0.20805722891566264
LGA15350,MOSMAN,Total Indigenous status not stated ,0.026017320723267023
LGA15520,MURRAY RIVER,Total Indigenous status not stated ,0.07103738391935868
LGA15560,MURRUMBIDGEE,Total Indigenous status not stated ,0.09222860598729966
LGA15650,MUSWELLBROOK,Total Indigenous status not stated ,0.059878070863765315
LGA15700,NAMBUCCA VALLEY,Total Indigenous status not stated ,0.07496266319795732
LGA15750,NARRABRI,Total Indigenous status not stated ,0.10545952942968095
LGA15800,NARRANDERA,Total Indigenous status not stated ,0.08625859940024695
LGA15850,NARROMINE,Total Indigenous status not stated ,0.1306484858094181
LGA15900,NEWCASTLE,Total Indigenous status not stated ,0.04180808484494205
LGA15950,NORTH SYDNEY,Total Indigenous status not stated ,0.036935056475847876
LGA15990,NORTHERN BEACHES,Total Indigenous status not stated ,0.026858925412764127
LGA16100,OBERON,Total Indigenous status not stated ,0.10990767045454546
LGA16150,ORANGE,Total Indigenous status not stated ,0.05130770980213782
LGA16200,PARKES,Total Indigenous status not stated ,0.06804281345565749
LGA16260,PARRAMATTA,Total Indigenous status not stated ,0.04209678172731095
LGA16350,PENRITH,Total Indigenous status not stated ,0.05051638356769085
LGA16380,PORT MACQUARIE-HASTINGS,Total Indigenous status not stated ,0.04291457171326148
LGA16400,PORT STEPHENS,Total Indigenous status not stated ,0.041328641272229086
LGA16490,QUEANBEYAN-PALERANG REGIONAL,Total Indigenous status not stated ,0.045928654209465146
LGA16550,RANDWICK,Total Indigenous status not stated ,0.04442705943416807
LGA16610,RICHMOND VALLEY,Total Indigenous status not stated ,0.08868630004621267
LGA16700,RYDE,Total Indigenous status not stated ,0.031370600156853
LGA16900,SHELLHARBOUR,Total Indigenous status not stated ,0.03958138370085278
LGA16950,SHOALHAVEN,Total Indigenous status not stated ,0.05406049714385264
LGA17000,SINGLETON,Total Indigenous status not stated ,0.058402668917561
LGA17040,SNOWY MONARO REGIONAL,Total Indigenous status not stated ,0.08797600321908036
LGA17080,SNOWY VALLEYS,Total Indigenous status not stated ,0.07192124824214827
LGA17100,STRATHFIELD,Total Indigenous status not stated ,0.04286784801198977
LGA17150,SUTHERLAND SHIRE,Total Indigenous status not stated ,0.02456753772543246
LGA17200,SYDNEY,Total Indigenous status not stated ,0.07797832929444862
LGA17310,TAMWORTH REGIONAL,Total Indigenous status not stated ,0.06772682095697856
LGA17350,TEMORA,Total Indigenous status not stated ,0.04833887043189369
LGA17400,TENTERFIELD,Total Indigenous status not stated ,0.09484978540772532
LGA17420,THE HILLS SHIRE,Total Indigenous status not stated ,0.01931272195529559
LGA17550,TWEED,Total Indigenous status not stated ,0.05915742703407794
LGA17620,UPPER HUNTER SHIRE,Total Indigenous status not stated ,0.05499548077591601
LGA17640,UPPER LACHLAN SHIRE,Total Indigenous status not stated ,0.07651930479412108
LGA17650,URALLA,Total Indigenous status not stated ,0.0651844365841334
LGA17750,WAGGA WAGGA,Total Indigenous status not stated ,0.05095188848265917
LGA17850,WALCHA,Total Indigenous status not stated ,0.09045393858477971
LGA17900,WALGETT,Total Indigenous status not stated ,0.25260923403502566
LGA17950,WARREN,Total Indigenous status not stated ,0.11187476135929744
LGA18020,WARRUMBUNGLE SHIRE,Total Indigenous status not stated ,0.13991288643365557
LGA18050,WAVERLEY,Total Indigenous status not stated ,0.047636780718871494
LGA18100,WEDDIN,Total Indigenous status not stated ,0.05884016973125884
LGA18200,WENTWORTH,Total Indigenous status not stated ,0.12193531559728743
LGA18250,WILLOUGHBY,Total Indigenous status not stated ,0.02911879413934858
LGA18350,WINGECARRIBEE,Total Indigenous status not stated ,0.04541515973477999
LGA18400,WOLLONDILLY,Total Indigenous status not stated ,0.036462316056474625
LGA18450,WOLLONGONG,Total Indigenous status not stated ,0.03602848175387642
LGA18500,WOOLLAHRA,Total Indigenous status not stated ,0.038133302440531355
LGA18710,YASS VALLEY,Total Indigenous status not stated ,0.05361992257468076
LGA19399,UNINCORPORATED NSW,Total Indigenous status not stated ,0.09053833605220228
LGA19799,MIGRATORY - OFFSHORE - SHIPPING (NSW),Total Indigenous status not stated ,0.0
